{"Train/d_x_loss": 1.5857961177825928, "_runtime": 1273, "_timestamp": 1640011491, "_step": 8999, "Train/d_y_loss": 11.823740005493164, "Train/g_total_loss": 11.698896408081055}